{"0": [[[10, 0.25, 3, 1, 0, 2], [3, 1, false, 0.005648136138916016, true, 5.0, [[10, 0, 0], [10, 1, 0], [10, 1, 1], [0, 1, 2]], [0.911612269137401]], [false, 3]], [[10, 0.25, 3, 1, 0, 2], [3, 2, false, 0.1268939971923828, true, 7.0, [[10, 0, 0], [10, 1, 0], [10, 1, 1], [1, 1, 2], [7, 2, 0], [0, 2, 1], [0, 2, 2]], [0.5571867508875263, 1.9486440952158568]], [true, 3]], [[10, 0.25, 3, 1, 0, 7], [1, 1, false, 0.0004189014434814453, true, 5.0, [[10, 0, 0], [10, 1, 0]], [0.0]], [false, 1]], [[10, 0.25, 3, 1, 0, 7], [1, 2, false, 0.0007700920104980469, true, 9.0, [[10, 0, 0], [10, 1, 0], [1, 2, 0]], [0.0, 1.9501536281063423]], [true, 1]]], "1": [[[10, 0.25, 3, 1, 1, 2], [3, 1, false, 0.0009839534759521484, true, 6.0, [[10, 0, 0], [10, 1, 0], [10, 1, 1], [10, 1, 2]], [0.0]], [false, 3]], [[10, 0.25, 3, 1, 1, 2], [3, 2, false, 0.007469892501831055, true, 9.0, [[10, 0, 0], [10, 1, 0], [10, 1, 1], [10, 1, 2], [10, 2, 0], [10, 2, 1], [2, 2, 2]], [0.0, 1.5867448143414575]], [true, 3]], [[10, 0.25, 3, 1, 1, 7], [1, 1, false, 0.00029206275939941406, true, 6.0, [[10, 0, 0], [10, 1, 0]], [0.0]], [false, 1]], [[10, 0.25, 3, 1, 1, 7], [1, 2, false, 0.0005178451538085938, true, 10.0, [[10, 0, 0], [10, 1, 0], [10, 2, 0]], [0.0, 0.0]], [true, 1]]], "2": [[[10, 0.25, 3, 1, 2, 2], [3, 1, false, 0.026257038116455078, true, 2.0, [[10, 0, 0], [10, 1, 0], [10, 1, 1], [2, 1, 2]], [0.841842643985104]], [false, 3]], [[10, 0.25, 3, 1, 2, 2], [3, 2, false, 0.22669100761413574, true, 3.0, [[10, 0, 0], [10, 1, 0], [10, 1, 1], [2, 1, 2], [2, 2, 0], [2, 2, 1], [5, 2, 2]], [0.841842643985104, 1.7990663038606152]], [false, 3]], [[10, 0.25, 3, 1, 2, 2], [3, 3, false, 2.2059221267700195, true, 4.0, [[10, 0, 0], [10, 1, 0], [10, 1, 1], [10, 1, 2], [10, 2, 0], [3, 2, 1], [4, 2, 2], [4, 3, 0], [4, 3, 1], [4, 3, 2]], [0.0, 1.8237567265802235, 1.8237567265802235]], [true, 3]], [[10, 0.25, 3, 1, 2, 7], [2, 1, false, 0.0006930828094482422, true, 3.0, [[10, 0, 0], [10, 1, 0], [10, 1, 1]], [0.0]], [false, 2]], [[10, 0.25, 3, 1, 2, 7], [2, 2, false, 0.01173090934753418, true, 5.0, [[10, 0, 0], [10, 1, 0], [10, 1, 1], [10, 2, 0], [3, 2, 1]], [0.0, 1.7160049135612787]], [false, 2]], [[10, 0.25, 3, 1, 2, 7], [2, 3, false, 0.007739067077636719, true, 7.0, [[10, 0, 0], [10, 1, 0], [10, 1, 1], [10, 2, 0], [10, 2, 1], [10, 3, 0], [3, 3, 1]], [0.0, 0.0, 1.716004913561327]], [false, 2]], [[10, 0.25, 3, 1, 2, 7], [2, 4, false, 0.018609046936035156, true, 8.0, [[10, 0, 0], [10, 1, 0], [10, 1, 1], [10, 2, 0], [10, 2, 1], [3, 3, 0], [3, 3, 1], [3, 4, 0], [3, 4, 1]], [0.0, 0.0, 1.7160049135612787, 1.7160049135612787]], [false, 2]], [[10, 0.25, 3, 1, 2, 7], [2, 5, false, 0.0429840087890625, true, 8.0, [[10, 0, 0], [10, 1, 0], [10, 1, 1], [10, 2, 0], [10, 2, 1], [10, 3, 0], [10, 3, 1], [1, 4, 0], [7, 4, 1], [7, 5, 0], [7, 5, 1]], [0.0, 0.0, 0.0, 3.407302621118313, 3.407302621118313]], [true, 2]]], "3": [[[10, 0.25, 3, 1, 3, 2], [3, 1, false, 0.006133079528808594, true, 2.0, [[10, 0, 0], [10, 1, 0], [10, 1, 1], [2, 1, 2]], [0.9227474053513232]], [false, 3]], [[10, 0.25, 3, 1, 3, 2], [3, 2, false, 0.16139507293701172, true, 2.0, [[10, 0, 0], [10, 1, 0], [10, 1, 1], [10, 1, 2], [10, 2, 0], [6, 2, 1], [5, 2, 2]], [0.0, 1.7800268632227632]], [true, 3]], [[10, 0.25, 3, 1, 3, 7], [1, 1, false, 0.0003199577331542969, true, 2.0, [[10, 0, 0], [10, 1, 0]], [0.0]], [false, 1]], [[10, 0.25, 3, 1, 3, 7], [1, 2, false, 0.000537872314453125, true, 4.0, [[10, 0, 0], [10, 1, 0], [10, 2, 0]], [0.0, 0.0]], [false, 1]], [[10, 0.25, 3, 1, 3, 7], [1, 3, false, 0.0009760856628417969, true, 7.0, [[10, 0, 0], [10, 1, 0], [10, 2, 0], [10, 3, 0]], [0.0, 0.0, 0.0]], [false, 1]], [[10, 0.25, 3, 1, 3, 7], [1, 4, false, 0.0020380020141601562, true, 9.0, [[10, 0, 0], [10, 1, 0], [10, 2, 0], [10, 3, 0], [8, 4, 0]], [0.0, 0.0, 0.0, 2.210130446660514]], [true, 1]]], "4": [[[10, 0.25, 3, 1, 4, 2], [2, 1, false, 0.0008628368377685547, true, 2.0, [[10, 0, 0], [10, 1, 0], [7, 1, 1]], [0.8016955563147781]], [false, 2]], [[10, 0.25, 3, 1, 4, 2], [2, 2, false, 0.010702133178710938, true, 6.0, [[10, 0, 0], [10, 1, 0], [10, 1, 1], [10, 2, 0], [2, 2, 1]], [0.0, 1.1151612919723277]], [false, 2]], [[10, 0.25, 3, 1, 4, 2], [2, 3, false, 0.04050183296203613, true, 7.0, [[10, 0, 0], [10, 1, 0], [10, 1, 1], [10, 2, 0], [7, 2, 1], [9, 3, 0], [9, 3, 1]], [0.0, 0.8016955563147781, 2.8503323756703383]], [true, 2]], [[10, 0.25, 3, 1, 4, 7], [1, 1, false, 0.0003330707550048828, true, 2.0, [[10, 0, 0], [10, 1, 0]], [0.0]], [false, 1]], [[10, 0.25, 3, 1, 4, 7], [1, 2, false, 0.0007410049438476562, true, 7.0, [[10, 0, 0], [10, 1, 0], [10, 2, 0]], [0.0, 0.0]], [false, 1]], [[10, 0.25, 3, 1, 4, 7], [1, 3, false, 0.0009281635284423828, true, 10.0, [[10, 0, 0], [10, 1, 0], [10, 2, 0], [10, 3, 0]], [0.0, 0.0, 0.0]], [true, 1]]], "5": [[[10, 0.25, 3, 1, 5, 2], [2, 1, false, 0.0014760494232177734, true, 4.0, [[10, 0, 0], [10, 1, 0], [6, 1, 1]], [0.8212257245255413]], [false, 2]], [[10, 0.25, 3, 1, 5, 2], [2, 2, false, 0.02011895179748535, true, 5.0, [[10, 0, 0], [6, 1, 0], [6, 1, 1], [6, 2, 0], [4, 2, 1]], [0.8212257245255321, 1.7422717607748295]], [true, 2]], [[10, 0.25, 3, 1, 5, 7], [1, 1, false, 0.0002989768981933594, true, 5.0, [[10, 0, 0], [10, 1, 0]], [0.0]], [false, 1]], [[10, 0.25, 3, 1, 5, 7], [1, 2, false, 0.0008189678192138672, true, 7.0, [[10, 0, 0], [10, 1, 0], [10, 2, 0]], [0.0, 0.0]], [false, 1]], [[10, 0.25, 3, 1, 5, 7], [1, 3, false, 0.0009360313415527344, true, 8.0, [[10, 0, 0], [10, 1, 0], [10, 2, 0], [10, 3, 0]], [0.0, 0.0, 0.0]], [false, 1]], [[10, 0.25, 3, 1, 5, 7], [1, 4, false, 0.0016241073608398438, true, 9.0, [[10, 0, 0], [10, 1, 0], [10, 2, 0], [10, 3, 0], [7, 4, 0]], [0.0, 0.0, 0.0, 2.7257162150163605]], [true, 1]]], "6": [[[10, 0.25, 3, 1, 6, 2], [3, 1, false, 0.0029821395874023438, true, 3.0, [[10, 0, 0], [10, 1, 0], [10, 1, 1], [7, 1, 2]], [0.6668941572561407]], [false, 3]], [[10, 0.25, 3, 1, 6, 2], [3, 2, false, 0.07692694664001465, true, 5.0, [[10, 0, 0], [10, 1, 0], [10, 1, 1], [10, 1, 2], [10, 2, 0], [1, 2, 1], [5, 2, 2]], [0.0, 1.9828587894785352]], [false, 3]], [[10, 0.25, 3, 1, 6, 2], [3, 3, false, 0.400601863861084, true, 5.0, [[10, 0, 0], [10, 1, 0], [10, 1, 1], [10, 1, 2], [5, 2, 0], [1, 2, 1], [1, 2, 2], [0, 3, 0], [0, 3, 1], [0, 3, 2]], [0.0, 1.7554941559262502, 2.392811809649391]], [true, 3]], [[10, 0.25, 3, 1, 6, 7], [2, 1, false, 0.0005459785461425781, true, 4.0, [[10, 0, 0], [10, 1, 0], [10, 1, 1]], [0.0]], [false, 2]], [[10, 0.25, 3, 1, 6, 7], [2, 2, false, 0.0019249916076660156, true, 7.0, [[10, 0, 0], [10, 1, 0], [10, 1, 1], [10, 2, 0], [2, 2, 1]], [0.0, 1.44884268687789]], [false, 2]], [[10, 0.25, 3, 1, 6, 7], [2, 3, false, 0.004865169525146484, true, 9.0, [[10, 0, 0], [10, 1, 0], [10, 1, 1], [10, 2, 0], [10, 2, 1], [2, 3, 0], [2, 3, 1]], [0.0, 0.0, 1.4488426868778905]], [true, 2]]], "7": [[[10, 0.25, 3, 1, 7, 2], [3, 1, false, 0.00571894645690918, true, 3.0, [[10, 0, 0], [10, 1, 0], [10, 1, 1], [1, 1, 2]], [0.9876785161136227]], [false, 3]], [[10, 0.25, 3, 1, 7, 2], [3, 2, false, 0.19566011428833008, true, 4.0, [[10, 0, 0], [4, 1, 0], [4, 1, 1], [4, 1, 2], [4, 2, 0], [6, 2, 1], [6, 2, 2]], [0.5994702172352262, 1.3769861549759925]], [true, 3]], [[10, 0.25, 3, 1, 7, 7], [2, 1, false, 0.0006170272827148438, true, 3.0, [[10, 0, 0], [10, 1, 0], [10, 1, 1]], [0.0]], [false, 2]], [[10, 0.25, 3, 1, 7, 7], [2, 2, false, 0.0017380714416503906, true, 6.0, [[10, 0, 0], [10, 1, 0], [10, 1, 1], [10, 2, 0], [10, 2, 1]], [0.0, 0.0]], [false, 2]], [[10, 0.25, 3, 1, 7, 7], [2, 3, false, 0.0034208297729492188, true, 10.0, [[10, 0, 0], [10, 1, 0], [10, 1, 1], [10, 2, 0], [10, 2, 1], [10, 3, 0], [10, 3, 1]], [0.0, 0.0, 0.0]], [true, 2]]],