{"0": [[[10, 0.25, 3, 3, 0, 2], [3, 1, false, 0.0024900436401367188, true, 8.0, [[10, 0, 0], [10, 1, 0], [10, 1, 1], [7, 1, 2]], [0.7306792350114127]], [false, 3]], [[10, 0.25, 3, 3, 0, 2], [3, 2, false, 0.05000591278076172, true, 8.0, [[10, 0, 0], [10, 1, 0], [10, 1, 1], [10, 1, 2], [10, 2, 0], [7, 2, 1], [0, 2, 2]], [0.0, 1.3043955432769114]], [true, 3]], [[10, 0.25, 3, 3, 0, 7], [1, 1, false, 0.0002980232238769531, true, 8.0, [[10, 0, 0], [10, 1, 0]], [0.0]], [false, 1]], [[10, 0.25, 3, 3, 0, 7], [1, 2, false, 0.0005140304565429688, true, 10.0, [[10, 0, 0], [10, 1, 0], [10, 2, 0]], [0.0, 0.0]], [true, 1]]], "1": [[[10, 0.25, 3, 3, 1, 2], [3, 1, false, 0.0014150142669677734, true, 9.0, [[10, 0, 0], [10, 1, 0], [10, 1, 1], [10, 1, 2]], [0.0]], [false, 3]], [[10, 0.25, 3, 3, 1, 2], [3, 2, false, 0.0026040077209472656, true, 10.0, [[10, 0, 0], [10, 1, 0], [10, 1, 1], [10, 1, 2], [10, 2, 0], [10, 2, 1], [10, 2, 2]], [0.0, 0.0]], [true, 3]], [[10, 0.25, 3, 3, 1, 7], [1, 1, false, 0.0003190040588378906, true, 9.0, [[10, 0, 0], [10, 1, 0]], [0.0]], [false, 1]], [[10, 0.25, 3, 3, 1, 7], [1, 2, false, 0.00055694580078125, true, 10.0, [[10, 0, 0], [10, 1, 0], [10, 2, 0]], [0.0, 0.0]], [true, 1]]], "2": [[[10, 0.25, 3, 3, 2, 2], [3, 1, false, 0.02514791488647461, true, 8.0, [[10, 0, 0], [10, 1, 0], [3, 1, 1], [3, 1, 2]], [0.49028711816036535]], [false, 3]], [[10, 0.25, 3, 3, 2, 2], [3, 2, false, 0.07996702194213867, true, 8.0, [[10, 0, 0], [10, 1, 0], [10, 1, 1], [1, 1, 2], [1, 2, 0], [1, 2, 1], [7, 2, 2]], [0.7543570625875172, 0.9735150346052329]], [true, 3]], [[10, 0.25, 3, 3, 2, 7], [2, 1, false, 0.0008189678192138672, true, 9.0, [[10, 0, 0], [10, 1, 0], [10, 1, 1]], [0.0]], [false, 2]], [[10, 0.25, 3, 3, 2, 7], [2, 2, false, 0.0022029876708984375, true, 10.0, [[10, 0, 0], [10, 1, 0], [10, 1, 1], [10, 2, 0], [10, 2, 1]], [0.0, 0.0]], [true, 2]]], "3": [[[10, 0.25, 3, 3, 3, 2], [3, 1, false, 0.0025260448455810547, true, 4.0, [[10, 0, 0], [10, 1, 0], [10, 1, 1], [6, 1, 2]], [0.6791372430446954]], [false, 3]], [[10, 0.25, 3, 3, 3, 2], [3, 2, false, 0.05502796173095703, true, 4.0, [[10, 0, 0], [6, 1, 0], [6, 1, 1], [6, 1, 2], [5, 2, 0], [5, 2, 1], [5, 2, 2]], [0.6791372430446954, 1.7800268632227632]], [true, 3]], [[10, 0.25, 3, 3, 3, 7], [1, 1, false, 0.0004889965057373047, true, 5.0, [[10, 0, 0], [10, 1, 0]], [0.0]], [false, 1]], [[10, 0.25, 3, 3, 3, 7], [1, 2, false, 0.0009980201721191406, true, 8.0, [[10, 0, 0], [10, 1, 0], [10, 2, 0]], [0.0, 0.0]], [false, 1]], [[10, 0.25, 3, 3, 3, 7], [1, 3, false, 0.0009021759033203125, true, 10.0, [[10, 0, 0], [10, 1, 0], [10, 2, 0], [10, 3, 0]], [0.0, 0.0, 0.0]], [true, 1]]], "4": [[[10, 0.25, 3, 3, 4, 2], [2, 1, false, 0.0008840560913085938, true, 7.0, [[10, 0, 0], [10, 1, 0], [7, 1, 1]], [0.8016955563147781]], [false, 2]], [[10, 0.25, 3, 3, 4, 2], [2, 2, false, 0.0039010047912597656, true, 8.0, [[10, 0, 0], [10, 1, 0], [7, 1, 1], [7, 2, 0], [7, 2, 1]], [0.8016955563147781, 0.8016955563147781]], [true, 2]], [[10, 0.25, 3, 3, 4, 7], [1, 1, false, 0.000370025634765625, true, 8.0, [[10, 0, 0], [10, 1, 0]], [0.0]], [false, 1]], [[10, 0.25, 3, 3, 4, 7], [1, 2, false, 0.0006480216979980469, true, 10.0, [[10, 0, 0], [10, 1, 0], [10, 2, 0]], [0.0, 0.0]], [true, 1]]], "5": [[[10, 0.25, 3, 3, 5, 2], [2, 1, false, 0.0014410018920898438, true, 8.0, [[10, 0, 0], [10, 1, 0], [6, 1, 1]], [0.8212257245255321]], [false, 2]], [[10, 0.25, 3, 3, 5, 2], [2, 2, false, 0.005875825881958008, true, 9.0, [[10, 0, 0], [6, 1, 0], [6, 1, 1], [6, 2, 0], [6, 2, 1]], [0.8212257245255321, 0.8212257245255321]], [true, 2]], [[10, 0.25, 3, 3, 5, 7], [1, 1, false, 0.0005691051483154297, true, 9.0, [[10, 0, 0], [10, 1, 0]], [0.0]], [false, 1]], [[10, 0.25, 3, 3, 5, 7], [1, 2, false, 0.0005118846893310547, true, 10.0, [[10, 0, 0], [10, 1, 0], [10, 2, 0]], [0.0, 0.0]], [true, 1]]], "6": [[[10, 0.25, 3, 3, 6, 2], [2, 1, false, 0.0031728744506835938, true, 6.0, [[10, 0, 0], [2, 1, 0], [7, 1, 1]], [0.9775269417858005]], [false, 2]], [[10, 0.25, 3, 3, 6, 2], [2, 2, false, 0.012405872344970703, true, 8.0, [[10, 0, 0], [2, 1, 0], [7, 1, 1], [7, 2, 0], [7, 2, 1]], [0.9775269417858009, 0.9775269417858009]], [true, 2]], [[10, 0.25, 3, 3, 6, 7], [1, 1, false, 0.0004949569702148438, true, 8.0, [[10, 0, 0], [10, 1, 0]], [0.0]], [false, 1]], [[10, 0.25, 3, 3, 6, 7], [1, 2, false, 0.0005691051483154297, true, 10.0, [[10, 0, 0], [10, 1, 0], [10, 2, 0]], [0.0, 0.0]], [true, 1]]], "7": [[[10, 0.25, 3, 3, 7, 2], [2, 1, false, 0.001455068588256836, true, 8.0, [[10, 0, 0], [10, 1, 0], [4, 1, 1]], [0.5994702172352262]], [false, 2]], [[10, 0.25, 3, 3, 7, 2], [2, 2, false, 0.010486841201782227, true, 8.0, [[10, 0, 0], [10, 1, 0], [4, 1, 1], [4, 2, 0], [9, 2, 1]], [0.5994702172352309, 1.1990436225258936]], [true, 2]], [[10, 0.25, 3, 3, 7, 7], [1, 1, false, 0.0003120899200439453, true, 9.0, [[10, 0, 0], [10, 1, 0]], [0.0]], [false, 1]], [[10, 0.25, 3, 3, 7, 7], [1, 2, false, 0.0005371570587158203, true, 10.0, [[10, 0, 0], [10, 1, 0], [10, 2, 0]], [0.0, 0.0]], [true, 1]]], "8": [[[10, 0.25, 3, 3, 8, 2], [3, 1, false, 0.009644031524658203, true, 6.0, [[10, 0, 0], [1, 1, 0], [1, 1, 1], [0, 1, 2]], [0.7935571462499468]], [false, 3]], [[10, 0.25, 3, 3, 8, 2], [3, 2, false, 0.13834285736083984, true, 7.0, [[10, 0, 0], [10, 1, 0], [0, 1, 1], [0, 1, 2], [0, 2, 0], [4, 2, 1], [1, 2, 2]], [0.7529816486282257, 1.738321204985473]], [true, 3]], [[10, 0.25, 3, 3, 8, 7], [2, 1, false, 0.0013899803161621094, true, 7.0, [[10, 0, 0], [10, 1, 0], [10, 1, 1]], [0.0]], [false, 2]], [[10, 0.25, 3, 3, 8, 7], [2, 2, false, 0.008069992065429688, true, 8.0, [[10, 0, 0], [1, 1, 0], [1, 1, 1], [4, 2, 0], [4, 2, 1]], [0.7747043018483728, 1.6212038129160924]], [true, 2]]], "9": [[[10, 0.25, 3, 3, 9, 2], [2, 1, false, 0.0009570121765136719, true, 6.0, [[10, 0, 0], [10, 1, 0], [5, 1, 1]], [0.9519543760286924]], [false, 2]], [[10, 0.25, 3, 3, 9, 2], [2, 2, false, 0.0072138309478759766, true, 7.0, [[10, 0, 0], [10, 1, 0], [5, 1, 1], [5, 2, 0], [3, 2, 1]], [0.9519543760286924, 1.1207678434829496]], [true, 2]], [[10, 0.25, 3, 3, 9, 7], [2, 1, false, 0.0005919933319091797, true, 7.0, [[10, 0, 0], [10, 1, 0], [10, 1, 1]], [0.0]], [false, 2]], [[10, 0.25, 3, 3, 9, 7], [2, 2, false, 0.001519918441772461, true, 10.0, [[10, 0, 0], [10, 1, 0], [10, 1, 1], [10, 2, 0], [10, 2, 1]], [0.0, 0.0]], [true, 2]]]}